count,1,2,3,4,5,6,7,person,amount
1,10,23,29,33,37,40,16,0,0
2,9,13,21,25,32,42,2,1,"2,002,006,800"
3,11,16,19,21,27,31,30,1,"2,000,000,000"
4,14,27,30,31,40,42,2,0,0
5,16,24,29,40,41,42,3,0,0
6,14,15,26,27,40,42,34,1,"6,574,451,700"
7,2,9,16,25,26,40,42,0,0
8,8,19,25,34,37,39,9,0,0
9,2,4,16,17,36,39,14,0,0
10,9,25,30,33,41,44,6,13,"6,430,437,900"
11,1,7,36,37,41,42,14,5,"4,780,152,300"
12,2,11,21,25,39,45,44,12,"1,348,845,700"
13,22,23,25,37,38,42,26,0,0
14,2,6,12,31,33,40,15,4,"9,375,048,300"
15,3,4,16,30,31,37,13,1,"17,014,245,000"
16,6,7,24,37,38,40,33,4,"4,377,146,100"
17,3,4,9,17,32,37,1,3,"5,349,491,200"
18,3,12,13,19,32,35,29,0,0
19,6,30,38,39,40,43,26,1,"40,722,959,400"
20,10,14,18,20,23,30,41,1,"19,352,212,800"
21,6,12,17,18,31,32,21,23,"797,475,400"
22,4,5,6,8,17,39,25,4,"4,552,194,900"
23,5,13,17,18,33,42,44,4,"4,317,947,700"
24,7,8,27,29,36,43,6,0,0
25,2,4,21,26,43,44,16,2,"24,227,745,300"
26,4,5,7,18,20,25,31,5,"3,495,069,900"
27,1,20,26,28,37,43,27,2,"9,543,982,500"
28,9,18,23,25,35,37,1,10,"1,700,361,100"
29,1,5,13,34,39,40,11,5,"3,552,594,000"
30,8,17,20,35,36,44,4,2,"8,728,555,500"
31,7,9,18,23,28,35,32,2,"8,106,672,900"
32,6,14,19,25,34,44,11,10,"1,634,528,300"
33,4,7,32,33,40,41,9,1,"14,903,517,600"
34,9,26,35,37,40,42,2,5,"3,056,918,000"
35,2,3,11,26,37,43,39,3,"5,054,598,200"
36,1,10,23,26,28,40,31,1,"16,014,475,800"
37,7,27,30,33,35,37,42,3,"4,985,999,400"
38,16,17,22,30,37,43,36,3,"5,374,866,400"
39,6,7,13,15,21,43,8,6,"2,623,748,800"
40,7,13,18,19,25,26,6,13,"1,147,652,400"
41,13,20,23,35,38,43,34,0,0
42,17,18,19,21,23,32,1,6,"6,899,280,100"
43,6,31,35,38,39,44,1,1,"17,749,630,800"
44,3,11,21,30,38,45,39,5,"3,362,155,800"
45,1,10,20,27,33,35,17,2,"8,356,417,800"
46,8,13,15,23,31,38,39,3,"5,327,758,800"
47,14,17,26,31,36,45,27,5,"3,250,042,400"
48,6,10,18,26,37,38,3,6,"2,415,673,600"
49,4,7,16,19,33,40,30,7,"1,967,504,600"
50,2,10,12,15,22,44,1,3,"5,227,061,400"
51,2,3,11,16,26,44,35,6,"2,421,117,000"
52,2,4,15,16,20,29,1,4,"3,900,844,900"
53,7,8,14,32,33,39,42,3,"5,014,371,000"
54,1,8,21,27,36,39,37,3,"5,148,626,600"
55,17,21,31,37,40,44,7,2,"7,088,799,600"
56,10,14,30,31,33,37,19,4,"3,777,570,900"
57,7,10,16,25,29,44,6,4,"4,114,411,900"
58,10,24,25,33,40,44,1,4,"3,676,429,200"
59,6,29,36,39,41,45,13,4,"4,127,587,300"
60,2,8,25,36,39,42,11,7,"2,172,504,600"
61,14,15,19,30,38,43,8,5,"3,541,038,800"
62,3,8,15,27,29,35,21,1,"15,817,286,400"
63,3,20,23,36,38,40,5,2,"7,922,245,500"
64,14,15,18,21,26,36,39,4,"3,899,818,000"
65,4,25,33,36,40,43,39,4,"3,727,945,800"
66,2,3,7,17,22,24,45,4,"3,685,138,200"
67,3,7,10,15,36,38,33,7,"2,114,436,500"
68,10,12,15,16,26,39,38,5,"2,945,882,100"
69,5,8,14,15,19,39,35,3,"4,962,712,200"
70,5,19,22,25,28,43,26,3,"5,031,277,800"
71,5,9,12,16,29,41,21,0,0
72,2,4,11,17,26,27,1,13,"3,260,524,600"
73,3,12,18,32,40,43,38,6,"2,766,662,100"
74,6,15,17,18,35,40,23,3,"5,284,949,800"
75,2,5,24,32,34,44,28,4,"3,914,616,900"
76,1,3,15,22,25,37,43,2,"7,451,022,600"
77,2,18,29,32,43,44,37,3,"5,155,758,600"
78,10,13,25,29,33,35,38,4,"3,519,850,000"
79,3,12,24,27,30,32,14,4,"3,416,443,800"
80,17,18,24,25,26,30,1,1,"13,809,540,000"
81,5,7,11,13,20,33,6,5,"2,714,288,880"
82,1,2,3,14,27,42,39,1,"14,562,494,400"
83,6,10,15,17,19,34,14,2,"7,086,948,300"
84,16,23,27,34,42,45,11,2,"7,669,779,000"
85,6,8,13,23,31,36,21,4,"3,462,109,800"
86,2,12,37,39,41,45,33,1,"14,252,186,400"
87,4,12,16,23,34,43,26,11,"1,799,358,055"
88,1,17,20,24,30,41,27,4,"3,069,709,650"
89,4,26,28,29,33,40,37,3,"4,248,321,900"
90,17,20,29,35,38,44,10,4,"3,291,435,300"
91,1,21,24,26,29,42,27,4,"3,582,902,400"
92,3,14,24,33,35,36,17,11,"1,233,270,846"
93,6,22,24,36,38,44,19,6,"2,269,178,150"
94,5,32,34,40,41,45,6,6,"2,245,339,950"
95,8,17,27,31,34,43,14,8,"1,747,741,238"
96,1,3,8,21,22,31,20,7,"1,847,133,515"
97,6,7,14,15,20,36,3,9,"1,496,214,000"
98,6,9,16,23,24,32,43,4,"3,177,972,300"
99,1,3,10,27,29,37,11,6,"2,169,219,050"
100,1,7,11,23,37,42,6,4,"3,315,315,525"
101,1,3,17,32,35,45,8,5,"2,707,297,500"
102,17,22,24,26,35,40,42,9,"1,457,153,067"
103,5,14,15,27,30,45,10,8,"1,691,589,563"
104,17,32,33,34,42,44,35,2,"6,610,743,750"
105,8,10,20,34,41,45,28,4,"3,416,781,450"
106,4,10,12,22,24,33,29,16,"810,461,157"
107,1,4,5,6,9,31,17,2,"6,679,927,800"
108,7,18,22,23,29,44,12,7,"1,998,900,772"
109,1,5,34,36,42,44,33,12,"1,246,838,200"
110,7,20,22,23,29,43,1,3,"4,566,262,000"
111,7,18,31,33,36,40,27,6,"2,199,047,450"
112,26,29,30,33,41,42,43,9,"1,567,271,167"
113,4,9,28,33,36,45,26,9,"1,561,528,934"
114,11,14,19,26,28,41,2,6,"2,362,345,050"
115,1,2,6,9,25,28,31,9,"1,488,589,567"
116,2,4,25,31,34,37,17,7,"1,997,747,315"
117,5,10,22,34,36,44,35,9,"1,558,378,334"
118,3,4,10,17,19,22,38,10,"1,297,989,720"
119,3,11,13,14,17,21,38,9,"1,474,899,400"
120,4,6,10,11,32,37,30,3,"4,364,530,300"
121,12,28,30,34,38,43,9,2,"6,839,648,100"
122,1,11,16,17,36,40,8,9,"1,450,073,800"
123,7,17,18,28,30,45,27,5,"2,532,982,680"
124,4,16,23,25,29,42,1,9,"1,395,936,267"
125,2,8,32,33,35,36,18,7,"1,754,870,786"
126,7,20,22,27,40,43,1,9,"1,369,301,500"
127,3,5,10,29,32,43,35,6,"1,965,939,150"
128,12,30,34,36,37,45,39,6,"2,064,043,100"
129,19,23,25,28,38,42,17,11,"1,093,629,655"
130,7,19,24,27,42,45,31,4,"3,036,496,650"
131,8,10,11,14,15,21,37,8,"1,451,214,488"
132,3,17,23,34,41,45,43,4,"2,920,473,525"
133,4,7,15,18,23,26,13,8,"1,450,242,600"
134,3,12,20,23,31,35,43,5,"2,349,155,100"
135,6,14,22,28,35,39,16,7,"1,717,293,515"
136,2,16,30,36,41,42,11,6,"1,997,694,150"
137,7,9,20,25,36,39,15,9,"1,270,403,467"
138,10,11,27,28,37,39,19,5,"2,227,152,000"
139,9,11,15,20,28,43,13,7,"1,650,210,215"
140,3,13,17,18,19,28,8,5,"2,109,462,840"
141,8,12,29,31,42,43,2,6,"1,900,552,400"
142,12,16,30,34,40,44,19,11,"1,018,265,564"
143,26,27,28,42,43,45,8,3,"3,954,584,700"
144,4,15,17,26,36,37,43,8,"1,402,440,413"
145,2,3,13,20,27,44,9,3,"3,797,838,200"
146,2,19,27,35,41,42,25,2,"6,043,415,250"
147,4,6,13,21,40,42,36,7,"1,700,040,215"
148,21,25,33,34,35,36,17,5,"2,323,596,420"
149,2,11,21,34,41,42,27,7,"1,639,052,143"
150,2,18,25,28,37,39,16,4,"2,831,645,850"
151,1,2,10,13,18,19,15,4,"2,716,634,025"
152,1,5,13,26,29,34,43,5,"2,278,131,840"
153,3,8,11,12,13,36,33,4,"2,730,526,125"
154,6,19,21,35,40,45,20,4,"2,836,628,700"
155,16,19,20,32,33,41,4,9,"1,193,005,734"
156,5,18,28,30,42,45,2,8,"1,401,099,900"
157,19,26,30,33,35,39,37,2,"5,484,903,750"
158,4,9,13,18,21,34,7,10,"1,069,544,340"
159,1,18,30,41,42,43,32,6,"1,755,407,300"
160,3,7,8,34,39,41,1,2,"5,490,805,350"
161,22,34,36,40,42,45,44,7,"1,996,876,272"
162,1,5,21,25,38,41,24,5,"2,308,265,760"
163,7,11,26,28,29,44,16,7,"1,629,726,515"
164,6,9,10,11,39,41,27,3,"4,054,937,900"
165,5,13,18,19,22,42,31,2,"6,767,426,700"
166,9,12,27,36,39,45,14,11,"1,111,299,982"
167,24,27,28,30,36,39,4,5,"2,491,222,920"
168,3,10,31,40,42,43,30,5,"2,349,946,920"
169,16,27,35,37,43,45,19,5,"2,482,888,380"
170,2,11,13,15,31,42,10,6,"1,923,108,250"
171,4,16,25,29,34,35,1,6,"1,961,339,700"
172,4,19,21,24,26,41,35,11,"1,081,154,073"
173,3,9,24,30,33,34,18,8,"1,487,736,788"
174,13,14,18,22,35,39,16,7,"1,771,103,058"
175,19,26,28,31,33,36,17,5,"2,371,132,620"
176,4,17,30,32,33,34,15,5,"2,314,663,080"
177,1,10,13,16,37,43,6,7,"1,693,285,500"
178,1,5,11,12,18,23,9,5,"2,254,621,080"
179,5,9,17,25,39,43,32,10,"1,081,093,920"
180,2,15,20,21,29,34,22,2,"5,763,371,550"
181,14,21,23,32,40,45,44,6,"1,941,763,300"
182,13,15,27,29,34,40,35,3,"3,721,439,400"
183,2,18,24,34,40,42,5,6,"1,777,221,500"
184,1,2,6,16,20,33,41,6,"1,747,753,050"
185,1,2,4,8,19,38,14,3,"3,522,485,800"
186,4,10,14,19,21,45,9,9,"1,187,882,600"
187,1,2,8,18,29,38,42,7,"1,544,733,900"
188,19,24,27,30,31,34,36,3,"3,501,405,200"
189,8,14,32,35,37,45,28,3,"3,461,775,100"
190,8,14,18,30,31,44,15,6,"1,784,159,450"
191,5,6,24,25,32,37,8,4,"2,577,114,675"
192,4,8,11,18,37,45,33,4,"2,445,348,375"
193,6,14,18,26,36,39,13,3,"3,404,449,700"
194,15,20,23,26,39,44,28,4,"2,650,567,875"
195,7,10,19,22,35,40,31,11,"918,992,591"
196,35,36,37,41,44,45,30,15,"727,876,520"
197,7,12,16,34,42,45,4,6,"1,803,018,300"
198,12,19,20,25,41,45,2,6,"1,797,855,050"
199,14,21,22,25,30,36,43,2,"5,344,252,200"
200,5,6,13,14,17,20,7,8,"1,344,616,613"
201,3,11,24,38,39,44,26,1,"9,719,465,400"
202,12,14,27,33,39,44,17,6,"1,893,391,700"
203,1,3,11,24,30,32,7,5,"2,164,564,740"
204,3,12,14,35,40,45,5,8,"1,358,347,125"
205,1,3,21,29,35,37,30,6,"1,835,221,800"
206,1,2,3,15,20,25,43,5,"2,032,859,340"
207,3,11,14,31,32,37,38,5,"2,104,673,760"
208,14,25,31,34,40,44,24,6,"1,760,767,400"
209,2,7,18,20,24,33,37,6,"1,660,896,350"
210,10,19,22,23,25,37,39,2,"5,139,085,950"
211,12,13,17,20,33,41,8,10,"1,035,800,250"
212,11,12,18,21,31,38,8,4,"2,660,747,250"
213,2,3,4,5,20,24,42,8,"1,376,678,025"
214,5,7,20,25,28,37,32,8,"1,406,980,875"
215,2,3,7,15,43,44,4,7,"1,587,689,615"
216,7,16,17,33,36,40,1,13,"848,506,108"
217,16,20,27,33,35,39,38,7,"1,611,246,172"
218,1,8,14,18,29,44,20,4,"2,779,075,800"
219,4,11,20,26,35,37,16,9,"1,208,409,167"
220,5,11,19,21,34,43,31,6,"1,958,094,950"
221,2,20,33,35,37,40,10,6,"1,800,104,250"
222,5,7,28,29,39,43,44,5,"2,275,193,820"
223,1,3,18,20,26,27,38,7,"1,498,170,600"
224,4,19,26,27,30,42,7,6,"1,808,969,950"
225,5,11,13,19,31,36,7,6,"1,777,201,800"
226,2,6,8,14,21,22,34,6,"1,744,100,150"
227,4,5,15,16,22,42,2,2,"5,253,542,400"
228,17,25,35,36,39,44,23,9,"1,146,700,334"
229,4,5,9,11,23,38,35,7,"1,451,441,100"
230,5,11,14,29,32,33,12,8,"1,292,929,163"
231,5,10,19,31,44,45,27,9,"1,088,365,900"
232,8,9,10,12,24,44,35,9,"1,110,918,400"
233,4,6,13,17,28,40,39,10,"999,153,750"
234,13,21,22,24,26,37,4,4,"2,519,743,875"
235,21,22,26,27,31,37,8,3,"3,433,330,100"
236,1,4,8,13,37,39,7,2,"5,030,040,150"
237,1,11,17,21,24,44,33,7,"1,440,630,729"
238,2,4,15,28,31,34,35,9,"1,121,660,567"
239,11,15,24,39,41,44,7,9,"1,134,140,167"
240,6,10,16,40,41,43,21,2,"5,098,251,450"
241,2,16,24,27,28,35,21,4,"2,552,016,300"
242,4,19,20,21,32,34,43,8,"1,234,542,375"
243,2,12,17,19,28,42,34,4,"2,408,850,000"
244,13,16,25,36,37,38,19,1,"9,121,583,100"
245,9,11,27,31,32,38,22,7,"1,382,583,129"
246,13,18,21,23,26,39,15,5,"1,911,774,240"
247,12,15,28,36,39,40,13,6,"1,669,313,900"
248,3,8,17,23,38,45,13,8,"1,227,479,363"
249,3,8,27,31,41,44,11,6,"1,663,568,700"
250,19,23,30,37,43,45,38,5,"1,994,726,280"
251,6,7,19,25,28,38,45,8,"1,282,616,400"
252,14,23,26,31,39,45,28,7,"1,391,089,715"
253,8,19,25,31,34,36,33,4,"2,466,189,525"
254,1,5,19,20,24,30,27,1,"9,741,015,900"
255,1,5,6,24,27,42,32,6,"1,598,618,550"
256,4,11,14,21,23,43,32,2,"4,891,017,000"
257,6,13,27,31,32,37,4,4,"2,391,377,025"
258,14,27,30,31,38,40,17,4,"2,426,434,350"
259,4,5,14,35,42,45,34,2,"4,838,533,500"
260,7,12,15,24,37,40,43,4,"2,310,085,575"
261,6,11,16,18,31,43,2,3,"3,192,299,100"
262,9,12,24,25,29,31,36,2,"4,518,741,600"
263,1,27,28,32,37,40,18,6,"1,551,704,900"
264,9,16,27,36,41,44,5,7,"1,344,889,200"
265,5,9,34,37,38,39,12,8,"1,200,838,575"
266,3,4,9,11,22,42,37,3,"3,207,211,700"
267,7,8,24,34,36,41,1,3,"3,257,663,300"
268,3,10,19,24,32,45,12,7,"1,350,954,515"
269,5,18,20,36,42,43,32,5,"1,961,399,940"
270,5,9,12,20,21,26,27,5,"1,927,830,060"
271,3,8,9,27,29,40,36,6,"1,565,918,150"
272,7,9,12,27,39,43,28,9,"1,104,622,800"
273,1,8,24,31,34,44,6,3,"3,339,543,100"
274,13,14,15,26,35,39,25,4,"2,505,085,575"
275,14,19,20,35,38,40,26,1,"10,044,066,900"
276,4,15,21,33,39,41,25,3,"3,312,569,000"
277,10,12,13,15,25,29,20,3,"3,272,627,800"
278,3,11,37,39,41,43,13,3,"3,186,530,000"
279,7,16,31,36,37,38,11,5,"1,914,205,320"
280,10,11,23,24,36,37,35,7,"1,355,258,529"
281,1,3,4,6,14,41,12,6,"1,554,683,200"
282,2,5,10,18,31,32,30,7,"1,322,052,643"
283,6,8,18,31,38,45,42,3,"3,137,224,600"
284,2,7,15,24,30,45,28,3,"3,117,640,300"
285,13,33,37,40,41,45,2,3,"3,164,370,100"
286,1,15,19,40,42,44,17,3,"3,236,566,300"
287,6,12,24,27,35,37,41,7,"1,328,657,100"
288,1,12,17,28,35,41,10,4,"2,357,261,550"
289,3,14,33,37,38,42,10,0,0
290,8,13,18,32,39,45,7,13,"2,149,214,424"
291,3,7,8,18,20,42,45,7,"1,450,585,200"
292,17,18,31,32,33,34,10,14,"720,373,950"
293,1,9,17,21,29,33,24,6,"1,656,764,400"
294,6,10,17,30,37,38,40,4,"2,406,504,975"
295,1,4,12,16,18,38,8,0,0
296,3,8,15,27,30,45,44,8,"3,066,088,275"
297,6,11,19,20,28,32,34,2,"5,056,668,750"
298,5,9,27,29,37,40,19,1,"9,909,778,500"
299,1,3,20,25,36,45,24,7,"1,483,772,529"
300,7,9,10,12,26,38,39,12,"836,092,425"
301,7,11,13,33,37,43,26,7,"1,447,385,015"
302,13,19,20,32,38,42,4,2,"5,472,167,250"
303,2,14,17,30,38,45,43,6,"1,672,749,000"
304,4,10,16,26,33,41,38,6,"1,661,646,150"
305,7,8,18,21,23,39,9,5,"2,008,210,140"
306,4,18,23,30,34,41,19,5,"2,102,669,520"
307,5,15,21,23,25,45,12,4,"2,587,643,250"
308,14,15,17,19,37,45,40,1,"10,232,872,800"
309,1,2,5,11,18,36,22,11,"901,622,946"
310,1,5,19,28,34,41,16,8,"1,296,713,325"
311,4,12,24,27,28,32,10,8,"1,237,691,063"
312,2,3,5,6,12,20,25,15,"629,017,820"
313,9,17,34,35,43,45,2,6,"1,715,422,800"
314,15,17,19,34,38,41,2,6,"1,660,512,200"
315,1,13,33,35,43,45,23,8,"1,308,728,625"
316,10,11,21,27,31,39,43,6,"1,673,586,400"
317,3,10,11,22,36,39,8,4,"2,576,258,550"
318,2,17,19,20,34,45,21,9,"1,207,436,600"
319,5,8,22,28,33,42,37,5,"2,135,659,380"
320,16,19,23,25,41,45,3,2,"5,513,067,900"
321,12,18,20,21,25,34,42,6,"1,959,136,100"
322,9,18,29,32,38,43,20,6,"1,904,544,700"
323,10,14,15,32,36,42,3,8,"1,461,025,388"
324,2,4,21,25,33,36,17,6,"1,865,130,350"
325,7,17,20,32,44,45,33,6,"1,806,122,450"
326,16,23,25,33,36,39,40,6,"1,832,134,550"
327,6,12,13,17,32,44,24,12,"882,674,750"
328,1,6,9,16,17,28,24,6,"1,819,795,900"
329,9,17,19,30,35,42,4,6,"1,830,391,200"
330,3,4,16,17,19,20,23,9,"1,162,280,200"
331,4,9,14,26,31,44,39,5,"2,165,902,620"
332,16,17,34,36,42,45,3,8,"1,359,448,388"
333,5,14,27,30,39,43,35,7,"1,550,987,143"
334,13,15,21,29,39,43,33,7,"1,523,002,972"
335,5,9,16,23,26,45,21,5,"2,037,492,480"
336,3,5,20,34,35,44,16,6,"1,685,632,650"
337,1,5,14,18,32,37,4,8,"1,257,500,513"
338,2,13,34,38,42,45,16,3,"3,383,431,000"
339,6,8,14,21,30,37,45,9,"1,096,778,334"
340,18,24,26,29,34,38,32,7,"1,439,393,186"
341,1,8,19,34,39,43,41,7,"1,497,207,772"
342,1,13,14,33,34,43,25,3,"3,454,095,800"
343,1,10,17,29,31,43,15,6,"1,717,153,000"
344,1,2,15,28,34,45,38,7,"1,467,106,543"
345,15,20,23,29,39,42,2,2,"5,203,577,550"
346,5,13,14,22,44,45,33,5,"2,017,727,340"
347,3,8,13,27,32,42,10,7,"1,456,624,286"
348,3,14,17,20,24,31,34,3,"3,299,994,000"
349,5,13,14,20,24,25,36,3,"3,353,209,000"
350,1,8,18,24,29,33,35,9,"1,101,052,467"
351,5,25,27,29,34,36,33,4,"2,583,357,150"
352,5,16,17,20,26,41,24,6,"1,732,858,250"
353,11,16,19,22,29,36,26,2,"5,290,838,250"
354,14,19,36,43,44,45,1,5,"2,124,464,340"
355,5,8,29,30,35,44,38,5,"2,145,424,800"
356,2,8,14,25,29,45,24,9,"1,157,185,267"
357,10,14,18,21,36,37,5,2,"5,313,394,350"
358,1,9,10,12,21,40,37,3,"3,472,654,900"
359,1,10,19,20,24,40,23,8,"1,286,712,600"
360,4,16,23,25,35,40,27,3,"3,566,716,200"
361,5,10,16,24,27,35,33,7,"1,473,115,115"
362,2,3,22,27,30,40,29,6,"1,729,424,650"
363,11,12,14,21,32,38,6,4,"2,615,910,600"
364,2,5,7,14,16,40,4,4,"2,531,914,800"
365,5,15,21,25,26,30,31,1,"10,697,716,800"
366,5,12,19,26,27,44,38,2,"5,351,553,900"
367,3,22,25,29,32,44,19,7,"1,581,736,586"
368,11,21,24,30,39,45,26,7,"1,465,825,115"
369,17,20,35,36,41,43,21,6,"1,842,177,750"
370,16,18,24,42,44,45,17,7,"1,678,941,943"
371,7,9,15,26,27,42,18,7,"1,524,130,543"
372,8,11,14,16,18,21,13,9,"1,192,593,200"
373,15,26,37,42,43,45,9,4,"2,791,801,125"
374,11,13,15,17,25,34,26,2,"5,528,717,850"
375,4,8,19,25,27,45,7,7,"1,581,284,058"
376,1,11,13,24,28,40,7,6,"1,956,915,800"
377,6,22,29,37,43,45,23,3,"3,912,085,400"
378,5,22,29,31,34,39,43,5,"2,317,698,240"
379,6,10,22,31,35,40,19,7,"1,598,999,786"
380,1,2,8,17,26,37,27,4,"2,684,274,825"
381,1,5,10,12,16,20,11,19,"565,738,895"
382,10,15,22,24,27,42,19,6,"1,846,674,900"
383,4,15,28,33,37,40,25,3,"3,596,522,100"
384,11,22,24,32,36,38,7,3,"3,658,734,200"
385,7,12,19,21,29,32,9,7,"1,542,032,700"
386,4,7,10,19,31,40,26,10,"1,042,953,330"
387,1,26,31,34,40,43,20,4,"2,675,533,500"
388,1,8,9,17,29,32,45,4,"2,545,543,875"
389,7,16,18,20,23,26,3,5,"2,119,027,020"
390,16,17,28,37,39,40,15,1,"10,373,997,900"
391,10,11,18,22,28,39,30,1,"10,508,749,800"
392,1,3,7,8,24,42,43,6,"1,713,528,700"
393,9,16,28,40,41,43,21,8,"1,362,003,975"
394,1,13,20,22,25,28,15,1,"10,654,349,100"
395,11,15,20,26,31,35,7,7,"1,534,635,000"
396,18,20,31,34,40,45,30,2,"5,296,622,400"
397,12,13,17,22,25,33,8,3,"3,499,519,700"
398,10,15,20,23,42,44,7,4,"2,680,625,550"
399,1,2,9,17,19,42,20,8,"1,276,854,975"
400,9,21,27,34,41,43,2,4,"2,669,834,325"
401,6,12,18,31,38,43,9,9,"1,168,214,792"
402,5,9,15,19,22,36,32,4,"2,662,206,188"
403,10,14,22,24,28,37,26,5,"2,122,396,875"
404,5,20,21,24,33,40,36,3,"3,566,659,375"
405,1,2,10,25,26,44,4,3,"3,543,878,000"
406,7,12,21,24,27,36,45,5,"2,156,142,450"
407,6,7,13,16,24,25,1,7,"1,649,707,286"
408,9,20,21,22,30,37,16,5,"2,235,375,825"
409,6,9,21,31,32,40,38,4,"2,896,989,750"
410,1,3,18,32,40,41,16,9,"1,249,335,709"
411,11,14,22,35,37,39,5,12,"953,227,563"
412,4,7,39,41,42,45,40,7,"1,656,199,822"
413,2,9,15,23,34,40,3,4,"2,814,673,500"
414,2,14,15,22,23,44,43,1,"11,703,832,500"
415,7,17,20,26,30,40,24,8,"1,334,182,407"
416,5,6,8,11,22,26,44,10,"1,072,037,100"
417,4,5,14,20,22,43,44,4,"2,818,329,938"
418,11,13,15,26,28,34,31,8,"1,435,649,766"
419,2,11,13,14,28,30,7,3,"3,796,490,750"
420,4,9,10,29,31,34,27,8,"1,424,856,375"
421,6,11,26,27,28,44,30,5,"2,321,144,325"
422,8,15,19,21,34,44,12,6,"2,205,251,375"
423,1,17,27,28,29,40,5,3,"3,896,153,875"
424,10,11,26,31,34,44,30,10,"1,109,480,813"
425,8,10,14,27,33,38,3,8,"1,534,833,000"
426,4,17,18,27,39,43,19,4,"3,057,233,625"
427,6,7,15,24,28,30,21,1,"12,571,445,625"
428,12,16,19,22,37,40,8,9,"1,437,683,209"
429,3,23,28,34,39,42,16,9,"1,485,904,709"
430,1,3,16,18,30,34,44,8,"1,611,763,219"
431,18,22,25,31,38,45,6,10,"1,268,434,013"
432,2,3,5,11,27,39,33,5,"2,299,427,550"
433,19,23,29,33,35,43,27,11,"1,182,294,410"
434,3,13,20,24,33,37,35,8,"1,480,060,266"
435,8,16,26,30,38,45,42,10,"1,287,550,013"
436,9,14,20,22,33,34,28,8,"1,512,266,579"
437,11,16,29,38,41,44,21,6,"2,096,245,438"
438,6,12,20,26,29,38,45,9,"1,377,142,167"
439,17,20,30,31,37,40,25,6,"1,900,077,375"
440,10,22,28,34,36,44,2,6,"1,995,873,000"
441,1,23,28,30,34,35,9,4,"3,170,417,063"
442,25,27,29,36,38,40,41,9,"1,413,413,042"
443,4,6,10,19,20,44,14,9,"1,327,597,584"
444,11,13,23,35,43,45,17,3,"4,154,188,625"
445,13,20,21,30,39,45,32,7,"1,791,683,036"
446,1,11,12,14,26,35,6,3,"4,051,247,625"
447,2,7,8,9,17,33,34,4,"2,657,941,125"
448,3,7,13,27,40,41,36,3,"4,026,212,750"
449,3,10,20,26,35,43,36,3,"4,059,715,250"
450,6,14,19,21,23,31,13,6,"1,990,391,625"
451,12,15,20,24,30,38,29,13,"882,138,952"
452,8,10,18,30,32,34,27,9,"1,276,902,000"
453,12,24,33,38,40,42,30,5,"2,262,732,375"
454,13,25,27,34,38,41,10,7,"1,609,125,590"
455,4,19,20,26,30,35,24,7,"1,635,711,483"
456,1,7,12,18,23,27,44,7,"1,598,505,054"
457,8,10,18,23,27,40,33,10,"1,159,902,825"
458,4,9,10,32,36,40,18,8,"1,608,812,625"
459,4,6,10,14,25,40,12,7,"1,655,842,233"
460,8,11,28,30,43,45,41,4,"3,180,895,782"
461,11,18,26,31,37,40,43,6,"1,948,674,875"
462,3,20,24,32,37,45,4,8,"1,483,559,297"
463,23,29,31,33,34,44,40,0,0
464,6,12,15,34,42,44,4,13,"3,355,721,106"
465,1,8,11,13,22,38,31,7,"1,923,662,893"
466,4,10,13,23,32,44,20,9,"1,530,313,459"
467,2,12,14,17,24,40,39,9,"1,435,441,084"
468,8,13,15,28,37,43,17,9,"1,527,197,167"
469,4,21,22,34,37,38,33,4,"3,330,131,250"
470,10,16,20,39,41,42,27,3,"4,333,330,625"
471,6,13,29,37,39,41,43,7,"1,939,332,858"
472,16,25,26,31,36,43,44,7,"1,809,656,090"
473,8,13,20,22,23,36,34,4,"3,250,418,063"
474,4,13,18,31,33,45,43,15,"936,690,800"
475,1,9,14,16,21,29,3,8,"1,693,923,047"
476,9,12,13,15,37,38,27,4,"3,439,851,469"
477,14,25,29,32,33,45,37,8,"1,919,011,829"
478,18,29,30,37,39,43,8,14,"987,224,759"
479,8,23,25,27,35,44,24,6,"2,233,046,500"
480,3,5,10,17,30,31,16,4,"2,996,742,282"
481,3,4,23,29,40,41,20,3,"4,639,355,750"
482,1,10,16,24,25,35,43,7,"1,897,921,179"
483,12,15,19,22,28,34,5,5,"2,567,196,675"
484,1,3,27,28,32,45,11,6,"2,305,303,063"
485,17,22,26,27,36,39,20,9,"1,501,474,917"
486,1,2,23,25,38,40,43,13,"1,008,634,125"
487,4,8,25,27,37,41,21,8,"1,638,830,766"
488,2,8,17,30,31,38,25,10,"1,330,393,575"
489,2,4,8,15,20,27,11,6,"2,106,360,625"
490,2,7,26,29,40,43,42,7,"1,860,234,161"
491,8,17,35,36,39,42,4,4,"3,304,634,438"
492,22,27,31,35,37,40,42,5,"2,493,013,800"
493,20,22,26,33,36,37,25,9,"1,451,120,334"
494,5,7,8,15,30,43,22,12,"1,054,588,407"
495,4,13,22,27,34,44,6,6,"2,111,645,000"
496,4,13,20,29,36,41,39,4,"3,285,932,250"
497,19,20,23,24,43,44,13,6,"2,222,817,813"
498,13,14,24,32,39,41,3,4,"3,244,503,094"
499,5,20,23,27,35,40,43,3,"4,070,480,250"
500,3,4,12,20,24,34,41,9,"1,351,072,375"
501,1,4,10,17,31,42,2,4,"3,025,200,094"
502,6,22,28,32,34,40,26,6,"2,201,458,125"
503,1,5,27,30,34,36,40,7,"1,853,634,911"
504,6,14,22,26,43,44,31,9,"1,443,236,959"
505,7,20,22,25,38,40,44,6,"1,917,955,188"
506,6,9,11,22,24,30,31,3,"4,073,333,875"
507,12,13,32,33,40,41,4,9,"1,416,438,875"
508,5,27,31,34,35,43,37,8,"1,599,557,860"
509,12,25,29,35,42,43,24,5,"2,689,076,100"
510,12,29,32,33,39,40,42,5,"2,644,158,150"
511,3,7,14,23,26,42,24,6,"2,165,579,250"
512,4,5,9,13,26,27,1,13,"940,094,452"
513,5,8,21,23,27,33,12,3,"4,589,624,750"
514,1,15,20,26,35,42,9,3,"4,451,055,500"
515,2,11,12,15,23,37,8,1,"13,200,466,875"
516,2,8,23,41,43,44,30,11,"1,294,190,182"
517,1,9,12,28,36,41,10,5,"2,659,057,725"
518,14,23,30,32,34,38,6,6,"2,263,804,125"
519,6,8,13,16,30,43,3,7,"1,950,601,393"
520,4,22,27,28,38,40,1,6,"2,167,205,438"
521,3,7,18,29,32,36,19,8,"1,693,420,922"
522,4,5,13,14,37,41,11,6,"2,281,623,000"
523,1,4,37,38,40,45,7,7,"1,780,355,840"
524,10,11,29,38,41,45,21,4,"3,491,695,594"
525,11,23,26,29,39,44,22,9,"1,501,132,375"
526,7,14,17,20,35,39,31,9,"1,491,031,959"
527,1,12,22,32,33,42,38,13,"1,032,386,366"
528,5,17,25,31,39,40,10,11,"1,197,889,125"
529,18,20,24,27,31,42,39,8,"1,749,114,797"
530,16,23,27,29,33,41,22,11,"1,231,656,239"
531,1,5,9,21,27,35,45,9,"1,521,519,750"
532,16,17,23,24,29,44,3,7,"2,216,896,286"
533,9,14,15,17,31,33,23,8,"1,785,671,579"
534,10,24,26,29,37,38,32,1,"14,215,763,250"
535,11,12,14,15,18,39,34,3,"4,935,603,000"
536,7,8,18,32,37,43,12,11,"1,308,523,603"
537,12,23,26,30,36,43,11,7,"2,104,038,911"
538,6,10,18,31,32,34,11,3,"4,688,021,625"
539,3,19,22,31,42,43,26,9,"1,621,036,667"
540,3,12,13,15,34,36,14,7,"1,989,365,250"
541,8,13,26,28,32,34,43,11,"1,269,327,171"
542,5,6,19,26,41,45,34,6,"2,335,152,563"
543,13,18,26,31,34,44,12,12,"1,112,934,844"
544,5,17,21,25,36,44,10,13,"1,046,388,433"
545,4,24,25,27,34,35,2,11,"1,198,994,353"
546,8,17,20,27,37,43,6,30,"405,939,950"
547,6,7,15,22,34,39,28,5,"2,838,444,450"
548,1,12,13,21,32,45,14,8,"1,736,871,891"
549,29,31,35,38,40,44,17,8,"1,760,805,047"
550,1,7,14,20,34,37,41,11,"1,118,679,205"
551,3,6,20,24,27,44,25,1,"13,526,973,750"
552,1,10,20,32,35,40,43,10,"1,330,824,225"
553,2,7,17,28,29,39,37,6,"2,249,631,438"
554,13,14,17,32,41,42,6,2,"6,813,893,625"
555,11,17,21,24,26,36,12,8,"1,711,027,360"
556,12,20,23,28,30,44,43,7,"2,005,209,161"
557,4,20,26,28,35,40,31,7,"1,888,069,286"
558,12,15,19,26,40,43,29,10,"1,315,913,663"
559,11,12,25,32,44,45,23,7,"1,926,145,608"
560,1,4,20,23,29,45,28,7,"1,976,697,215"
561,5,7,18,37,42,45,20,5,"2,753,712,225"
562,4,11,13,17,20,31,33,11,"1,166,694,614"
563,5,10,16,17,31,32,21,7,"1,932,735,643"
564,14,19,25,26,27,34,2,7,"1,934,801,143"
565,4,10,18,27,40,45,38,8,"1,742,064,469"
566,4,5,6,25,26,43,41,4,"3,508,951,032"
567,1,10,15,16,32,41,28,6,"2,318,659,438"
568,1,3,17,20,31,44,40,10,"1,305,167,550"
569,3,6,13,23,24,35,1,4,"3,467,925,188"
570,1,12,26,27,29,33,42,9,"1,527,791,625"
571,11,18,21,26,38,43,29,7,"1,966,538,465"
572,3,13,18,33,37,45,1,8,"1,668,216,188"
573,2,4,20,34,35,43,14,8,"1,645,691,766"
574,14,15,16,19,25,43,2,2,"6,965,184,938"
575,2,8,20,30,33,34,6,8,"1,699,267,875"
576,10,11,15,25,35,41,13,3,"4,321,966,000"
577,16,17,22,31,34,37,33,3,"4,484,438,375"
578,5,12,14,32,34,42,16,5,"2,796,466,575"
579,5,7,20,22,37,42,39,11,"1,396,068,444"
580,5,7,9,11,32,35,33,7,"2,028,610,500"
581,3,5,14,20,42,44,33,8,"1,844,554,547"
582,2,12,14,33,40,41,25,4,"3,560,558,719"
583,8,17,27,33,40,44,24,11,"1,341,848,353"
584,7,18,30,39,40,41,36,3,"5,033,183,250"
585,6,7,10,16,38,41,4,9,"1,620,546,334"
586,2,7,12,15,21,34,5,8,"1,778,354,344"
587,14,21,29,31,32,37,17,3,"4,974,577,375"
588,2,8,15,22,25,41,30,5,"2,889,342,075"
589,6,8,28,33,38,39,22,7,"2,136,877,983"
590,20,30,36,38,41,45,23,7,"2,185,183,983"
591,8,13,14,30,38,39,5,5,"2,964,676,200"
592,2,5,6,13,28,44,43,6,"2,356,381,688"
593,9,10,13,24,33,38,28,9,"1,532,833,500"
594,2,8,13,25,28,37,3,11,"1,255,592,796"
595,8,24,28,35,38,40,5,8,"1,744,525,219"
596,3,4,12,14,25,43,17,10,"1,328,267,663"
597,8,10,23,24,35,43,37,13,"1,057,920,606"
598,4,12,24,33,38,45,22,16,"833,998,594"
599,5,12,17,29,34,35,27,8,"1,710,918,329"
600,5,11,14,27,29,36,44,15,"901,798,725"
601,2,16,19,31,34,35,37,9,"1,524,565,209"
602,13,14,22,27,30,38,2,8,"1,689,530,860"
603,2,19,25,26,27,43,28,4,"3,452,136,563"
604,2,6,18,21,33,34,30,11,"1,229,141,557"
605,1,2,7,9,10,38,42,9,"1,394,232,250"
606,1,5,6,14,20,39,22,10,"1,311,566,850"
607,8,14,23,36,38,39,13,4,"3,494,480,907"
608,4,8,18,19,39,44,41,7,"1,943,530,018"
609,4,8,27,34,39,40,13,2,"6,339,311,438"
610,14,18,20,23,28,36,33,4,"3,516,018,375"
611,2,22,27,33,36,37,14,4,"3,502,706,157"
612,6,9,18,19,25,33,40,11,"1,181,705,250"
613,7,8,11,16,41,44,35,9,"1,549,831,209"
614,8,21,25,39,40,44,18,6,"2,540,975,438"
615,10,17,18,19,23,27,35,9,"1,535,062,417"
616,5,13,18,23,40,45,3,9,"1,611,811,250"
617,4,5,11,12,24,27,28,8,"1,629,701,860"
618,8,16,25,30,42,43,15,5,"2,881,326,225"
619,6,8,13,30,35,40,21,3,"4,612,479,375"
620,2,16,17,32,39,45,40,7,"2,028,283,233"
621,1,2,6,16,19,42,9,6,"2,359,723,500"
622,9,15,16,21,28,34,24,9,"1,630,598,292"
623,7,13,30,39,41,45,25,8,"1,813,702,594"
624,1,7,19,26,27,35,16,5,"2,763,729,450"
625,3,6,7,20,21,39,13,5,"2,765,184,675"
626,13,14,26,33,40,43,15,8,"1,717,871,110"
627,2,9,22,25,31,45,12,10,"1,352,230,650"
628,1,7,12,15,23,42,11,9,"1,499,942,875"
629,19,28,31,38,43,44,1,5,"2,919,433,575"
630,8,17,21,24,27,31,15,3,"4,836,305,500"
631,1,2,4,23,31,34,8,4,"3,919,853,532"
632,15,18,21,32,35,44,6,11,"1,432,587,716"
633,9,12,19,20,39,41,13,12,"1,217,257,094"
634,4,10,11,12,20,27,38,13,"1,077,935,106"
635,11,13,25,26,29,33,32,8,"1,855,587,235"
636,6,7,15,16,20,31,26,8,"1,832,362,219"
637,3,16,22,37,38,44,23,4,"3,899,241,094"
638,7,18,22,24,31,34,6,7,"2,229,403,179"
639,6,15,22,23,25,32,40,4,"4,061,185,219"
640,14,15,18,21,26,35,23,9,"1,728,768,834"
641,11,18,21,36,37,43,12,8,"1,990,074,563"
642,8,17,18,24,39,45,32,12,"1,251,460,438"
643,15,24,31,32,33,40,13,6,"2,535,763,625"
644,5,13,17,23,28,36,8,8,"1,831,451,204"
645,1,4,16,26,40,41,31,4,"3,696,297,750"
646,2,9,24,41,43,45,30,7,"2,215,498,393"
647,5,16,21,23,24,30,29,7,"2,189,725,608"
648,13,19,28,37,38,43,4,7,"2,120,987,947"
649,3,21,22,33,41,42,20,5,"2,948,042,100"
650,3,4,7,11,31,41,35,5,"2,849,298,900"
651,11,12,16,26,29,44,18,8,"1,855,306,454"
652,3,13,15,40,41,44,20,5,"3,003,483,525"
653,5,6,26,27,38,39,1,14,"980,958,670"
654,16,21,26,31,36,43,6,8,"1,879,301,391"
655,7,37,38,39,40,44,18,9,"1,661,439,625"
656,3,7,14,16,31,40,39,2,"7,330,002,750"
657,10,14,19,39,40,43,23,9,"1,694,762,792"
658,8,19,25,28,32,36,37,9,"1,634,031,375"
659,7,18,19,27,29,42,45,11,"1,336,604,216"
660,4,9,23,33,39,44,14,10,"1,421,272,575"
661,2,3,12,20,27,38,40,8,"1,713,025,547"
662,5,6,9,11,15,37,26,8,"1,689,733,688"
663,3,5,8,19,38,42,20,7,"2,080,244,143"
664,10,20,33,36,41,44,5,10,"1,536,801,338"
665,5,6,11,17,38,44,13,4,"3,643,230,375"
666,2,4,6,11,17,28,16,6,"2,396,901,063"
667,15,17,25,37,42,43,13,7,"2,228,764,393"
668,12,14,15,24,27,32,3,5,"2,991,158,625"
669,7,8,20,29,33,38,9,6,"2,708,173,188"
670,11,18,26,27,40,41,25,12,"1,191,725,219"
671,7,9,10,13,31,35,24,4,"3,722,322,844"
672,8,21,28,31,36,45,43,9,"1,754,745,000"
673,7,10,17,29,33,44,5,10,"1,491,453,300"
674,9,10,14,25,27,31,11,8,"1,770,565,500"
675,1,8,11,15,18,45,7,4,"3,514,549,032"
676,1,8,17,34,39,45,27,8,"1,879,726,500"
677,12,15,24,36,41,44,42,8,"1,921,114,407"
678,4,5,6,12,25,37,45,6,"2,288,490,188"
679,3,5,7,14,26,34,35,5,"2,863,005,600"
680,4,10,19,29,32,42,30,14,"1,110,570,563"
681,21,24,27,29,43,44,7,6,"2,696,328,938"
682,17,23,27,35,38,43,2,4,"4,063,713,563"
683,6,13,20,27,28,40,15,16,"1,010,930,883"
684,1,11,15,17,25,39,40,9,"1,688,815,709"
685,6,7,12,28,38,40,18,11,"1,494,367,671"
686,7,12,15,24,25,43,13,8,"1,937,531,719"
687,1,8,10,13,28,42,45,6,"2,720,029,313"
688,5,15,22,23,34,35,2,9,"1,967,536,750"
689,7,17,19,30,36,38,34,7,"2,321,775,911"
690,24,25,33,34,38,39,43,15,"1,126,507,625"
691,15,27,33,35,43,45,16,6,"2,839,296,750"
692,3,11,14,15,32,36,44,7,"2,301,273,697"
693,1,6,11,28,34,42,30,10,"1,642,763,813"
694,7,15,20,25,33,43,12,10,"1,555,036,388"
695,4,18,26,33,34,38,14,11,"1,450,214,830"
696,1,7,16,18,34,38,21,10,"1,632,054,413"
697,2,5,8,11,33,39,31,10,"1,531,443,038"
698,3,11,13,21,33,37,18,8,"1,921,084,125"
699,4,5,8,16,21,29,3,8,"1,995,411,375"
700,11,23,28,29,30,44,13,8,"2,082,099,188"
701,3,10,14,16,36,38,35,10,"1,583,183,175"
702,3,13,16,24,26,29,9,11,"1,465,091,387"
703,10,28,31,33,41,44,21,5,"3,235,784,100"
704,1,4,8,23,33,42,45,4,"3,865,190,344"
705,1,6,17,22,28,45,23,4,"3,987,206,532"
706,3,4,6,10,28,30,37,4,"3,831,746,063"
707,2,12,19,24,39,44,35,12,"1,322,167,313"
708,2,10,16,19,34,45,1,4,"4,099,552,219"
709,10,18,30,36,39,44,32,14,"1,165,271,625"
710,3,4,9,24,25,33,10,5,"2,895,441,150"
711,11,15,24,35,37,45,42,7,"2,277,413,358"
712,17,20,30,31,33,45,19,4,"4,034,485,125"
713,2,5,15,18,19,23,44,9,"1,714,720,917"
714,1,7,22,33,37,40,20,7,"2,085,131,733"
715,2,7,27,33,41,44,10,6,"2,605,510,438"
716,2,6,13,16,29,30,21,12,"1,358,752,157"
717,2,11,19,25,28,32,44,6,"2,702,433,688"
718,4,11,20,23,32,39,40,17,"926,166,464"
719,4,8,13,19,20,43,26,9,"1,879,581,334"
720,1,12,29,34,36,37,41,14,"1,233,770,358"
721,1,28,35,41,43,44,31,8,"2,273,767,360"
722,12,14,21,30,39,43,45,4,"4,365,422,719"
723,20,30,33,35,36,44,22,8,"2,114,365,360"
724,2,8,33,35,37,41,14,12,"1,427,789,813"
725,6,7,19,21,41,43,38,11,"1,579,217,250"
726,1,11,21,23,34,44,24,14,"1,166,872,634"
727,7,8,10,19,21,31,20,14,"1,115,107,742"
728,3,6,10,30,34,37,36,5,"3,243,464,400"
729,11,17,21,26,36,45,16,4,"4,198,250,719"
730,4,10,14,15,18,22,39,8,"2,017,382,110"
731,2,7,13,25,42,45,39,7,"2,340,471,054"
732,2,4,5,17,27,32,43,7,"2,203,270,608"
733,11,24,32,33,35,40,13,4,"4,016,725,125"
734,6,16,37,38,41,45,18,9,"1,949,395,500"
735,5,10,13,27,37,41,4,10,"1,847,231,588"
736,2,11,17,18,21,27,6,5,"3,397,362,225"
737,13,15,18,24,27,41,11,4,"4,283,061,000"
738,23,27,28,38,42,43,36,11,"1,634,191,091"
739,7,22,29,33,34,35,30,4,"4,744,122,282"
740,4,8,9,16,17,19,31,18,"936,929,792"
741,5,21,27,34,44,45,16,6,"3,043,595,938"
742,8,10,13,36,37,40,6,16,"1,111,814,813"
743,15,19,21,34,41,44,10,7,"2,608,641,000"
744,10,15,18,21,34,41,43,15,"1,155,411,575"
745,1,2,3,9,12,23,10,20,"746,822,982"
746,3,12,33,36,42,45,25,9,"2,038,623,709"
747,7,9,12,14,23,28,17,9,"1,903,214,584"
748,3,10,13,22,31,32,29,9,"1,928,246,542"
749,12,14,24,26,34,45,41,13,"1,350,104,395"
750,1,2,15,19,24,36,12,7,"2,522,104,286"
751,3,4,16,20,28,44,17,8,"2,097,968,110"
752,4,16,20,33,40,43,7,9,"1,870,358,834"
753,2,17,19,24,37,41,3,6,"2,711,105,063"
754,2,8,17,24,29,31,32,5,"3,427,542,000"
755,13,14,26,28,30,36,37,8,"2,214,427,266"
756,10,14,16,18,27,28,4,5,"3,414,434,700"
757,6,7,11,17,33,44,1,21,"739,839,858"
758,5,9,12,30,39,43,24,8,"2,078,969,954"
759,9,33,36,40,42,43,32,6,"3,032,670,500"
760,10,22,27,31,42,43,12,8,"2,253,299,391"
761,4,7,11,24,42,45,30,7,"2,392,730,518"
762,1,3,12,21,26,41,16,10,"1,631,432,063"
763,3,8,16,32,34,43,10,8,"2,138,130,000"
764,7,22,24,31,34,36,15,7,"2,459,975,465"
765,1,3,8,12,42,43,33,15,"1,109,214,250"
766,9,30,34,35,39,41,21,8,"2,173,637,297"
767,5,15,20,31,34,42,22,15,"1,163,768,725"
768,7,27,29,30,38,44,4,13,"1,363,572,260"
769,5,7,11,16,41,45,4,9,"1,930,760,042"
770,1,9,12,23,39,43,34,8,"2,163,099,329"
771,6,10,17,18,21,29,30,4,"4,362,644,907"
772,5,6,11,14,21,41,32,10,"1,769,608,838"
773,8,12,19,21,31,35,44,11,"1,609,403,080"
774,12,15,18,28,34,42,9,11,"1,709,721,512"
775,11,12,29,33,38,42,17,5,"3,470,437,650"
776,8,9,18,21,28,40,20,7,"2,557,579,393"
777,6,12,17,21,34,37,18,21,"833,468,036"
778,6,21,35,36,37,41,11,3,"6,264,069,500"
779,6,12,19,24,34,41,4,11,"1,527,709,296"
780,15,17,19,21,27,45,16,11,"1,667,520,137"
781,11,16,18,19,24,39,43,9,"1,882,891,542"
782,6,18,31,34,38,45,20,9,"1,946,487,625"
783,14,15,16,17,38,45,36,4,"4,603,964,625"
784,3,10,23,24,31,39,22,9,"1,908,678,000"
785,4,6,15,25,26,33,40,6,"2,886,622,688"
786,12,15,16,20,24,30,38,4,"4,551,365,250"
787,5,6,13,16,27,28,9,6,"3,092,108,313"
788,2,10,11,19,35,39,29,13,"1,401,475,154"
789,2,6,7,12,19,45,38,15,"1,140,976,825"
790,3,8,19,27,30,41,12,16,"1,160,516,274"
791,2,10,12,31,33,42,32,14,"1,253,081,893"
792,2,7,19,25,29,36,16,7,"2,655,736,768"
793,10,15,21,35,38,43,31,5,"3,750,146,775"
794,6,7,18,19,30,38,13,7,"2,650,940,304"
795,3,10,13,26,34,38,36,11,"1,714,977,000"
796,1,21,26,36,40,41,5,7,"2,763,490,340"
797,5,22,31,32,39,45,36,8,"2,397,028,125"
798,2,10,14,22,32,36,41,7,"2,710,791,911"
799,12,17,23,34,42,45,33,10,"1,826,427,225"
800,1,4,10,12,28,45,26,11,"1,632,246,205"
801,17,25,28,37,43,44,2,8,"2,256,786,657"
802,10,11,12,18,24,42,27,16,"1,082,947,993"
803,5,9,14,26,30,43,2,5,"3,663,810,225"
804,1,10,13,26,32,36,9,11,"1,631,996,523"
805,3,12,13,18,31,32,42,4,"4,266,061,969"
806,14,20,23,31,37,38,27,7,"2,640,760,875"
807,6,10,18,25,34,35,33,7,"2,437,662,322"
808,15,21,31,32,41,43,24,6,"3,087,620,500"
809,6,11,15,17,23,40,39,6,"2,921,372,750"
810,5,10,13,21,39,43,11,8,"2,231,598,047"
811,8,11,19,21,36,45,25,7,"2,524,148,197"
812,1,3,12,14,16,43,10,6,"2,947,954,750"
813,11,30,34,35,42,44,27,4,"4,591,763,157"
814,2,21,28,38,42,45,30,6,"3,067,192,063"
815,17,21,25,26,27,36,4,7,"2,579,855,358"
816,12,18,19,29,31,39,7,8,"2,128,107,938"
817,3,9,12,13,25,43,34,9,"1,868,477,334"
818,14,15,25,28,29,30,3,13,"1,380,804,318"
819,16,25,33,38,40,45,15,7,"2,594,534,840"
820,10,21,22,30,35,42,6,4,"4,627,313,532"
821,1,12,13,24,29,44,16,14,"1,316,155,956"
822,9,18,20,24,27,36,12,3,"5,930,898,625"
823,12,18,24,26,39,40,15,9,"2,009,843,917"
824,7,9,24,29,34,38,26,15,"1,256,646,550"
825,8,15,21,31,33,38,42,12,"1,658,710,563"
826,13,16,24,25,33,36,42,9,"2,075,192,084"
827,5,11,12,29,33,44,14,15,"1,206,500,375"
828,4,7,13,29,31,39,18,13,"1,455,185,972"
829,4,5,31,35,43,45,29,8,"2,444,650,641"
830,5,6,16,18,37,38,17,9,"2,060,528,750"
831,3,10,16,19,31,39,9,16,"1,110,702,258"
832,13,14,19,26,40,43,30,9,"2,088,204,584"
833,12,18,30,39,41,42,19,8,"2,356,317,282"
834,6,8,18,35,42,43,3,11,"1,690,693,671"
835,9,10,13,28,38,45,35,15,"1,233,681,125"
836,1,9,11,14,26,28,19,14,"1,257,843,670"
837,2,25,28,30,33,45,6,6,"3,144,449,125"
838,9,14,17,33,36,38,20,5,"3,813,733,050"
839,3,9,11,12,13,19,35,13,"1,359,454,904"
840,2,4,11,28,29,43,27,10,"2,042,961,788"
841,5,11,14,30,33,38,24,17,"1,116,095,714"
842,14,26,32,36,39,42,38,10,"2,035,475,025"
843,19,21,30,33,34,42,4,5,"4,012,970,100"
844,7,8,13,15,33,45,18,18,"1,162,963,542"
845,1,16,29,33,40,45,6,11,"1,891,217,182"
846,5,18,30,41,43,45,13,13,"1,596,884,395"
847,12,16,26,28,30,42,22,8,"2,520,846,657"
848,1,2,16,22,38,39,34,7,"3,011,580,858"
849,5,13,17,29,34,39,3,17,"1,158,252,883"
850,16,20,24,28,36,39,5,6,"3,377,587,875"
851,14,18,22,26,31,44,40,8,"2,483,692,313"
852,11,17,28,30,33,35,9,4,"4,801,543,407"
853,2,8,23,26,27,44,13,7,"2,885,006,786"
854,20,25,31,32,36,43,3,6,"3,421,706,750"
855,8,15,17,19,43,44,7,9,"2,269,510,500"
856,10,24,40,41,43,44,17,5,"3,977,927,550"
857,6,10,16,28,34,38,43,15,"1,284,915,425"
858,9,13,32,38,39,43,23,9,"2,202,347,459"
859,8,22,35,38,39,41,24,11,"1,853,927,489"
860,4,8,18,25,27,32,42,10,"1,879,899,825"
861,11,17,19,21,22,25,24,4,"4,872,108,844"
862,10,34,38,40,42,43,32,9,"2,190,922,709"
863,16,21,28,35,39,43,12,7,"2,853,357,322"
864,3,7,10,13,25,36,32,11,"1,716,553,637"
865,3,15,22,32,33,45,2,13,"1,551,729,145"
866,9,15,29,34,37,39,12,9,"2,240,409,000"
867,14,17,19,22,24,40,41,5,"3,933,755,250"
868,12,17,28,41,43,44,25,6,"3,233,804,250"
869,2,6,20,27,37,39,4,10,"1,922,582,588"
870,21,25,30,32,40,42,31,10,"1,928,842,988"
871,2,6,12,26,30,34,38,7,"2,718,071,358"
872,2,4,30,32,33,43,29,16,"1,262,705,579"
873,3,5,12,13,33,39,38,10,"1,874,553,225"
874,1,15,19,23,28,42,32,18,"1,117,123,917"
875,19,22,30,34,39,44,36,14,"1,415,946,724"
876,5,16,21,26,34,42,24,19,"1,090,657,856"
877,5,17,18,22,23,43,12,12,"1,716,607,188"
878,2,6,11,16,25,31,3,6,"3,207,993,500"
879,1,4,10,14,15,35,20,6,"3,206,361,313"
880,7,17,19,23,24,45,38,7,"2,837,810,465"
881,4,18,20,26,27,32,9,8,"2,503,212,282"
882,18,34,39,43,44,45,23,5,"4,127,270,400"
883,9,18,32,33,37,44,22,15,"1,360,519,525"
884,4,14,23,28,37,45,17,12,"1,799,077,282"
885,1,3,24,27,39,45,31,13,"1,543,832,568"
886,19,23,28,37,42,45,2,7,"2,974,643,786"
887,8,14,17,27,36,45,10,8,"2,535,268,688"
888,3,7,12,31,34,38,32,8,"2,370,359,204"
889,3,13,29,38,39,42,26,10,"2,108,986,950"
890,1,4,14,18,29,37,6,9,"2,335,486,167"
891,9,13,28,31,39,41,19,7,"3,082,673,947"
892,4,9,17,18,26,42,36,17,"1,282,017,464"
893,1,15,17,23,25,41,10,9,"2,377,433,625"
894,19,32,37,40,41,43,45,9,"2,377,935,959"
895,16,26,31,38,39,41,23,12,"1,928,079,219"
896,5,12,25,26,38,45,23,7,"3,053,222,036"
897,6,7,12,22,26,36,29,13,"1,619,922,520"
898,18,21,28,35,37,42,17,8,"2,639,313,235"
899,8,19,20,21,33,39,37,6,"3,359,356,063"
900,7,13,16,18,35,38,14,6,"3,349,851,375"
901,5,18,20,23,30,34,21,9,"2,267,974,667"
902,7,19,23,24,36,39,30,13,"1,619,317,529"
903,2,15,16,21,22,28,45,13,"1,684,582,212"
904,2,6,8,26,43,45,11,8,"2,718,077,813"
905,3,4,16,27,38,40,20,7,"3,017,862,536"
906,2,5,14,28,31,32,20,9,"2,472,607,250"
907,21,27,29,38,40,44,37,7,"3,165,059,036"
908,3,16,21,22,23,44,30,8,"2,834,856,141"
909,7,24,29,30,34,35,33,11,"2,021,062,875"
910,1,11,17,27,35,39,31,21,"941,316,375"
911,4,5,12,14,32,42,35,10,"2,113,538,625"
912,5,8,18,21,22,38,10,14,"1,493,500,581"
913,6,14,16,21,27,37,40,16,"1,338,755,602"
914,16,19,24,33,42,44,27,11,"1,950,005,557"
915,2,6,11,13,22,37,14,6,"3,518,640,500"
916,6,21,22,32,35,36,17,11,"2,025,384,341"
917,1,3,23,24,27,43,34,10,"2,144,799,638"
918,7,11,12,31,33,38,5,18,"1,117,622,646"
919,9,14,17,18,42,44,35,5,"4,305,150,450"
920,2,3,26,33,34,43,29,7,"3,120,260,197"
921,5,7,12,22,28,41,1,17,"1,232,573,405"
922,2,6,13,17,27,43,36,6,"3,417,904,500"
923,3,17,18,23,36,41,26,8,"2,667,554,625"
924,3,11,34,42,43,44,13,9,"2,382,430,667"
925,13,24,32,34,39,42,4,12,"1,771,080,532"
926,10,16,18,20,25,31,6,10,"2,032,490,663"
927,4,15,22,38,41,43,26,6,"3,714,203,875"
928,3,4,10,20,28,44,30,7,"3,134,591,358"
929,7,9,12,15,19,23,4,16,"1,308,035,157"
930,8,21,25,38,39,44,28,8,"2,832,418,829"
931,14,15,23,25,35,43,32,8,"2,957,108,063"
932,1,6,15,36,37,38,5,7,"3,390,022,983"
933,23,27,29,31,36,45,37,8,"2,927,797,079"
934,1,3,30,33,36,39,12,4,"5,765,772,844"
935,4,10,20,32,38,44,18,13,"1,711,055,424"
936,7,11,13,17,18,29,43,14,"1,492,069,179"
937,2,10,13,22,29,40,26,11,"2,058,420,819"
938,4,8,10,16,31,36,9,10,"2,249,466,563"
939,4,11,28,39,42,45,6,13,"1,708,363,039"
940,3,15,20,22,24,41,11,8,"2,846,071,079"
941,12,14,25,27,39,40,35,16,"1,347,297,422"
942,10,12,18,35,42,43,39,6,"3,761,680,313"
943,1,8,13,36,44,45,39,7,"3,435,045,108"
944,2,13,16,19,32,33,42,13,"1,961,836,356"
945,9,10,15,30,33,37,26,13,"1,765,554,491"
946,9,18,19,30,34,40,20,11,"2,157,656,182"
947,3,8,17,20,27,35,26,18,"1,275,855,750"
948,13,18,30,31,38,41,5,11,"2,188,548,716"
949,14,21,35,36,40,44,30,10,"2,458,569,713"
950,3,4,15,22,28,40,10,8,"3,281,920,500"
951,2,12,30,31,39,43,38,14,"1,747,552,661"
952,4,12,22,24,33,41,38,9,"2,713,699,834"
953,7,9,22,27,37,42,34,14,"1,640,636,009"
954,1,9,26,28,30,41,32,10,"2,478,795,900"
955,4,9,23,26,29,33,8,12,"2,023,170,188"
956,10,11,20,21,25,41,40,11,"2,022,982,671"
957,4,15,24,35,36,40,1,11,"2,126,634,137"
958,2,9,10,16,35,37,1,15,"1,596,119,675"
959,1,14,15,24,40,41,35,8,"3,015,312,891"
960,2,18,24,30,32,45,14,10,"2,401,133,213"
961,11,20,29,31,33,42,43,9,"2,575,231,209"
962,1,18,28,31,34,43,40,12,"1,940,906,094"
963,6,12,19,23,34,42,35,15,"1,476,478,125"
964,6,21,36,38,39,43,30,10,"2,345,861,063"
965,2,13,25,28,29,36,34,7,"3,403,348,929"
966,1,21,25,29,34,37,36,10,"2,411,303,513"
967,1,6,13,37,38,40,9,4,"5,809,776,094"
968,2,5,12,14,24,39,33,13,"1,667,729,683"
969,3,9,10,29,40,45,7,20,"1,149,427,894"
970,9,11,16,21,28,36,5,14,"1,611,544,045"
971,2,6,17,18,21,26,7,6,"3,725,880,250"
972,3,6,17,23,37,39,26,20,"1,124,886,244"
973,22,26,31,37,41,42,24,8,"2,912,742,750"
974,1,2,11,16,39,44,32,17,"1,317,034,523"
975,7,8,9,17,22,24,5,9,"2,440,410,375"
976,4,12,14,25,35,37,2,7,"3,243,867,215"
977,2,9,10,14,22,44,16,14,"1,669,905,911"
978,1,7,15,32,34,42,8,10,"2,373,391,388"
979,7,11,16,21,27,33,24,14,"1,606,400,518"
980,3,13,16,23,24,35,14,7,"3,409,443,215"
981,27,36,37,41,43,45,32,13,"1,992,863,193"
982,5,7,13,20,21,44,33,8,"3,023,630,672"
983,13,23,26,31,35,43,15,10,"2,503,422,225"
984,3,10,23,35,36,37,18,7,"3,453,006,268"
985,17,21,23,30,34,44,19,10,"2,434,752,975"
986,7,10,16,28,41,42,40,10,"2,375,275,125"
987,2,4,15,23,29,38,7,10,"2,378,711,625"
988,2,13,20,30,31,41,27,9,"2,678,489,375"
989,17,18,21,27,29,33,26,4,"5,826,768,563"
990,2,4,25,26,36,37,28,14,"1,740,095,277"
991,13,18,25,31,33,44,38,8,"2,904,166,032"
992,12,20,26,33,44,45,24,12,"1,986,955,563"
993,6,14,16,18,24,42,44,6,"3,991,197,063"
994,1,3,8,24,27,35,28,12,"1,861,582,063"
995,1,4,13,29,38,39,7,7,"3,447,271,875"
996,6,11,15,24,32,39,28,18,"1,491,185,771"
997,4,7,14,16,24,44,20,19,"1,253,749,560"
998,13,17,18,20,42,45,41,12,"2,076,499,657"
999,1,3,9,14,18,28,34,16,"1,513,274,790"
1000,2,8,19,22,32,42,39,22,"1,246,819,620"
1001,6,10,12,14,20,42,15,12,"2,077,279,594"
1002,17,25,33,35,38,45,15,8,"3,088,449,563"
1003,1,4,29,39,43,45,31,14,"1,811,116,822"
1004,7,15,30,37,39,44,18,10,"2,576,251,913"
1005,8,13,18,24,27,29,17,12,"2,061,199,344"
1006,8,11,15,16,17,37,36,9,"2,855,602,125"
1007,8,11,16,19,21,25,40,9,"2,718,786,375"
1008,9,11,30,31,41,44,33,11,"2,267,377,910"
1009,15,23,29,34,40,44,20,15,"1,702,462,825"
1010,9,12,15,25,34,36,3,8,"3,119,380,079"
1011,1,9,12,26,35,38,42,11,"2,220,348,512"
1012,5,11,18,20,35,45,3,13,"1,861,944,318"
1013,21,22,26,34,36,41,32,5,"5,047,570,725"
1014,3,11,14,18,26,27,21,10,"2,410,449,338"
1015,14,23,31,33,37,40,44,8,"3,051,105,610"
1016,15,26,28,34,41,42,44,11,"2,260,660,671"
1017,12,18,22,23,30,34,32,7,"3,517,684,822"
1018,3,19,21,25,37,45,35,2,"12,361,744,688"
1019,1,4,13,17,34,39,6,50,"438,565,140"
1020,12,27,29,38,41,45,6,13,"1,966,431,520"
1021,12,15,17,24,29,45,16,12,"2,108,962,250"
1022,5,6,11,29,42,45,28,5,"4,866,468,075"
1023,10,14,16,18,29,35,25,9,"2,745,677,875"
1024,9,18,20,22,38,44,10,8,"3,020,323,500"
1025,8,9,20,25,29,33,7,4,"6,118,853,344"
1026,5,12,13,31,32,41,34,15,"1,619,118,475"
1027,14,16,27,35,39,45,5,10,"2,460,504,338"
1028,5,7,12,13,18,35,23,20,"1,181,235,132"
1029,12,30,32,37,39,41,24,10,"2,527,848,450"
1030,2,5,11,17,24,29,9,19,"1,276,406,507"
1031,6,7,22,32,35,36,19,8,"3,213,957,563"
1032,1,6,12,19,36,42,28,10,"2,675,257,538"
1033,3,11,15,20,35,44,10,13,"1,913,414,943"
1034,26,31,32,33,38,40,11,9,"2,868,856,209"
1035,9,14,34,35,41,42,2,8,"3,231,193,735"
1036,2,5,22,32,34,45,39,9,"2,837,323,167"
1037,2,14,15,22,27,33,31,15,"1,708,576,825"
1038,7,16,24,27,37,44,2,15,"1,627,457,225"
1039,2,3,6,19,36,39,26,16,"1,585,019,672"
1040,8,16,26,29,31,36,11,7,"3,660,482,625"
1041,6,7,9,11,17,18,45,25,"935,091,165"
1042,5,14,15,23,34,43,4,20,"1,240,663,669"
1043,3,5,12,22,26,31,19,17,"1,468,646,956"
1044,12,17,20,26,28,36,4,8,"3,136,941,235"
1045,6,14,15,19,21,41,37,13,"1,990,060,443"
1046,7,16,25,29,35,36,28,12,"2,011,415,719"
1047,2,20,33,40,42,44,32,9,"2,748,797,875"
1048,6,12,17,21,32,39,30,17,"1,612,494,508"
1049,3,5,13,20,21,37,17,15,"1,727,810,100"
1050,6,12,31,35,38,43,17,17,"1,535,083,280"
1051,21,26,30,32,33,35,44,18,"1,669,558,480"
1052,5,17,26,27,35,38,1,11,"2,341,682,762"
1053,22,26,29,30,34,45,15,7,"4,090,367,411"
1054,14,19,27,28,30,45,33,9,"3,147,925,709"
1055,4,7,12,14,22,33,31,11,"2,362,815,205"
1056,13,20,24,32,36,45,29,14,"1,969,662,456"
1057,8,13,19,27,40,45,12,17,"1,616,069,714"
1058,11,23,25,30,32,40,42,13,"2,058,020,250"
1059,7,10,22,25,34,40,27,13,"2,033,168,481"
1060,3,10,24,33,38,45,36,28,"898,238,907"
1061,4,24,27,35,37,45,15,11,"2,422,768,773"
1062,20,31,32,40,41,45,12,7,"3,801,933,804"
1063,3,6,22,23,24,38,30,7,"3,770,311,875"
1064,3,6,9,18,22,35,14,19,"1,348,168,106"
1065,3,18,19,23,32,45,24,14,"1,852,593,938"
1066,6,11,16,19,21,32,45,15,"1,670,947,250"
1067,7,10,19,23,28,33,18,13,"1,981,114,010"
1068,4,7,19,26,33,35,3,19,"1,363,929,514"
1069,1,10,18,22,28,31,44,14,"1,863,217,554"
1070,3,6,14,22,30,41,36,14,"1,859,116,929"
1071,1,2,11,21,30,35,39,5,"5,183,979,750"
1072,16,18,20,23,32,43,27,12,"2,175,006,375"
1073,6,18,28,30,32,38,15,11,"2,345,227,603"
1074,1,6,20,27,28,41,15,12,"2,134,763,657"
1075,1,23,24,35,44,45,10,9,"2,896,337,167"
1076,3,7,9,33,36,37,10,9,"2,672,689,750"
1077,4,8,17,30,40,43,34,7,"3,570,901,018"
1078,6,10,11,14,36,38,43,12,"2,141,604,938"
1079,4,8,18,24,37,45,6,9,"2,712,329,417"
1080,13,16,23,31,36,44,38,7,"3,639,444,429"
1081,1,9,16,23,24,38,17,11,"2,343,892,944"
1082,21,26,27,32,34,42,31,7,"3,720,489,643"
1083,3,7,14,15,22,38,17,15,"1,713,084,525"
1084,8,12,13,29,33,42,5,15,"1,738,764,600"
1085,4,7,17,18,38,44,36,23,"1,073,277,473"
1086,11,16,25,27,35,36,37,17,"1,515,913,809"
1087,13,14,18,21,34,44,16,16,"1,732,253,602"
1088,11,21,22,30,39,44,31,11,"2,434,697,898"
1089,4,18,31,37,42,43,40,9,"2,978,522,167"
1090,12,19,21,29,40,45,1,11,"2,386,494,614"
1091,6,20,23,24,28,30,44,9,"2,898,470,459"
1092,7,18,19,26,33,45,37,16,"1,583,289,844"
1093,10,17,22,30,35,43,44,13,"1,967,040,750"
1094,6,7,15,22,26,40,41,12,"2,112,854,469"
1095,8,14,28,29,34,40,12,10,"2,617,825,575"
1096,1,12,16,19,23,43,34,10,"2,539,391,175"
1097,14,33,34,35,37,40,4,7,"3,864,293,090"
1098,12,16,21,24,41,43,15,13,"1,930,461,895"
1099,3,20,28,38,40,43,4,9,"2,959,934,125"
1100,17,26,29,30,31,43,12,13,"2,207,575,472"
1101,6,7,13,28,36,42,41,13,"2,100,529,500"
1102,13,14,22,26,37,38,20,20,"1,383,591,413"
1103,10,12,29,31,40,44,2,17,"1,574,419,633"
1104,1,7,21,30,35,38,2,15,"1,817,193,100"
1105,6,16,34,37,39,40,11,15,"1,834,853,800"
1106,1,3,4,29,42,45,36,11,"2,790,462,819"
1107,6,14,30,31,40,41,29,14,"2,025,625,233"
1108,7,19,26,37,39,44,27,14,"1,957,990,849"
1109,10,12,13,19,33,40,2,17,"1,584,352,875"
1110,3,7,11,20,22,41,24,16,"1,647,392,719"
1111,3,13,30,33,43,45,4,16,"1,714,662,540"
1112,16,20,26,36,42,44,24,10,"2,804,455,650"
1113,11,13,20,21,32,44,8,14,"1,987,426,822"
1114,10,16,19,32,33,38,3,17,"1,583,813,824"
1115,7,12,23,32,34,36,8,12,"2,257,278,282"
1116,15,16,17,25,30,31,32,10,"2,695,000,238"
1117,3,4,9,30,33,36,7,9,"3,028,385,542"
1118,11,13,14,15,16,45,3,19,"1,477,445,132"
1119,1,9,12,13,20,45,3,19,"1,396,028,764"
1120,2,19,26,31,38,41,34,11,"2,522,163,375"
1121,6,24,31,32,38,44,8,11,"2,524,513,262"
1122,3,6,21,30,34,35,22,11,"2,556,266,046"
1123,13,19,21,24,34,35,26,16,"1,731,310,711"
1124,3,8,17,30,33,34,28,10,"2,623,327,913"
1125,6,14,25,33,40,44,30,12,"2,195,289,188"
1126,4,5,9,11,37,40,7,11,"2,386,382,421"
1127,10,15,24,30,31,37,32,12,"2,267,891,969"
1128,1,5,8,16,28,33,45,63,"419,925,560"
1129,5,10,11,17,28,34,22,11,"2,369,567,660"
1130,15,19,21,25,27,28,40,12,"2,263,301,219"
1131,1,2,6,14,27,38,33,17,"1,542,367,898"
1132,6,7,19,28,34,41,5,11,"2,404,951,807"
1133,13,14,20,28,29,34,23,13,"2,105,079,491"
1134,3,7,9,13,19,24,23,14,"1,755,689,384"
1135,1,6,13,19,21,33,4,9,"2,953,726,125"
1136,21,33,35,38,42,44,1,12,"2,314,468,157"
1137,4,9,12,15,33,45,26,14,"2,023,447,688"
1138,14,16,19,20,29,34,35,14,"1,902,656,786"
1139,5,12,15,30,37,40,18,13,"2,167,490,972"
1140,7,10,22,29,31,38,15,12,"2,279,823,938"
1141,7,11,12,21,26,35,20,11,"2,457,758,285"
1142,2,8,28,30,37,41,22,9,"3,117,517,709"
1143,10,16,17,27,28,36,6,11,"2,545,657,023"
1144,3,4,12,15,26,34,6,18,"1,489,347,375"
1145,2,11,31,33,37,44,32,9,"3,051,630,084"
1146,6,11,17,19,40,43,28,11,"2,526,476,353"
1147,7,11,24,26,27,37,32,8,"3,323,422,079"
1148,3,6,13,15,16,22,32,13,"2,073,332,308"
1149,8,15,19,21,32,36,38,17,"1,613,380,765"
1150,8,9,18,35,39,45,25,17,"1,570,620,309"
1151,2,3,9,15,27,29,8,17,"1,620,503,030"
1152,30,31,32,35,36,37,5,35,"874,349,668"
1153,1,9,10,13,35,44,5,15,"2,027,312,925"
1154,4,8,22,26,32,38,27,15,"1,854,965,425"
1155,10,16,19,27,37,38,13,7,"4,066,375,179"
1156,30,31,34,39,41,45,7,21,"1,505,207,090"
